model,horizon,position_rmse,velocity_rmse,acceleration_rmse,position_mae,velocity_mae,position_r2,position_relative_rmse,position_rmse_bounded,trainable_parameters,train_seconds
constant_velocity,1,2.8078809e-05,0.0028078361,0.28078369,1.5249716e-05,0.001524927,1,2.1682612e-05,2.8078809e-05,0,3.1681318
constant_velocity,10,0.0014632419,0.028312526,0.34925967,0.0008279851,0.015303825,0.99999871,0.0011306643,0.0014632419,0,3.1681318
constant_velocity,25,0.0070659224,0.060162861,0.36096277,0.0046116061,0.036670703,0.99996995,0.0054618889,0.0070659224,0,3.1681318
constant_velocity,50,0.023701261,0.10539521,0.38466548,0.017055874,0.070476527,0.9996609,0.018346219,0.023701261,0,3.1681318
constant_velocity,100,0.08288926,0.19106856,0.45624482,0.063697639,0.13718405,0.99580287,0.064530104,0.08288926,0,3.1681318
constant_velocity,150,0.179257,0.28788807,0.60578792,0.14037904,0.21031571,0.97997249,0.14092068,0.179257,0,3.1681318
linear,1,2.1137343e-05,0.0021137345,0.21137352,9.5065087e-06,0.00095062079,1,1.6322373e-05,2.1137343e-05,26,1.9346344
linear,10,0.0010873321,0.021618778,0.28739777,0.00051746031,0.009639249,0.99999929,0.00084019433,0.0010873321,26,1.9346344
linear,25,0.0048945367,0.0437408,0.30319166,0.0028746566,0.023182356,0.99998558,0.003783429,0.0048945367,26,1.9346344
linear,50,0.015895065,0.074240014,0.32990542,0.010785648,0.045364478,0.99984749,0.012303748,0.015895065,26,1.9346344
linear,100,0.057820549,0.13595022,0.40176002,0.042513799,0.092962855,0.99795769,0.045013866,0.057820549,26,1.9346344
linear,150,0.1344904,0.21410598,0.54602785,0.10054352,0.15117931,0.98872654,0.10572797,0.1344904,26,1.9346344
mlp,1,1.1653759e-05,0.001165351,0.11653512,6.0496485e-06,0.00060494774,1,8.9990971e-06,1.1653759e-05,5122,92.509378
mlp,10,0.00060916792,0.012174854,0.17214444,0.00033029112,0.0061116292,0.99999978,0.00047071124,0.00060916792,5122,92.509378
mlp,25,0.0030165151,0.025873261,0.18559751,0.0018746209,0.014893584,0.99999452,0.0023317367,0.0030165151,5122,92.509378
mlp,50,0.011012236,0.048372276,0.20822764,0.0071693036,0.029544583,0.9999268,0.0085241408,0.011012236,5122,92.509378
mlp,100,0.042144956,0.098177453,0.27646542,0.028005625,0.06062075,0.99891496,0.032810263,0.042144956,5122,92.509378
mlp,150,0.095793389,0.16377506,0.4227007,0.063778218,0.098006143,0.99428066,0.075306791,0.095793389,5122,92.509378
gnn,1,2.1774989e-06,0.00021766595,0.021766685,5.2530539e-07,5.2388845e-05,1,1.6814767e-06,2.1774989e-06,67138,92.841312
gnn,10,0.00010909487,0.0026101211,0.055866583,2.7904884e-05,0.00054599989,0.99999999,8.4298895e-05,0.00010909487,67138,92.841312
gnn,25,0.0003467315,0.0040772502,0.06178127,0.00013757331,0.0011873612,0.99999993,0.00026802006,0.0003467315,67138,92.841312
gnn,50,0.00090782215,0.0055603413,0.066022165,0.0004781861,0.0021423081,0.9999995,0.00070270961,0.00090782215,67138,92.841312
gnn,100,0.0027693061,0.0091294644,0.084754873,0.0017329691,0.0041601753,0.99999532,0.002155932,0.0027693061,67138,92.841312
gnn,150,0.0059314723,0.015069774,0.12644339,0.0038203733,0.0068739028,0.99997807,0.0046629538,0.0059314723,67138,92.841312
interaction_gnn_single,1,1.5900883e-06,0.00015894386,0.015894253,2.5256451e-07,2.4862567e-05,1,1.227875e-06,1.5900883e-06,117252,181.0481
interaction_gnn_single,10,8.7006451e-05,0.0019401349,0.034455067,1.3455653e-05,0.00026885359,1,6.7230911e-05,8.7006451e-05,117252,181.0481
interaction_gnn_single,25,0.00032745288,0.0039683132,0.051762479,6.3876074e-05,0.00059783889,0.99999994,0.00025311788,0.00032745288,117252,181.0481
interaction_gnn_single,50,0.00075052402,0.0062816422,0.076139612,0.00020347291,0.0010766218,0.99999966,0.00058095128,0.00075052402,117252,181.0481
interaction_gnn_single,100,0.0017415507,0.010061635,0.11848547,0.00069176978,0.0021434288,0.99999815,0.0013558144,0.0017415507,117252,181.0481
interaction_gnn_single,150,0.0035223896,0.016527301,0.19236868,0.001586404,0.0040801329,0.99999227,0.0027690832,0.0035223896,117252,181.0481
