model,horizon,position_rmse,velocity_rmse,acceleration_rmse,position_mae,velocity_mae,position_r2,position_relative_rmse,position_rmse_bounded,trainable_parameters,train_seconds
constant_velocity,1,8.5510725e-05,0.0085510947,0.85510945,3.5939009e-05,0.0035938936,1,5.8313008e-05,8.5510725e-05,0,3.9926189
constant_velocity,10,0.0045433355,0.083865303,0.94063612,0.0019513642,0.036090744,0.99999025,0.0031183082,0.0045433355,0,3.9926189
constant_velocity,25,0.022967503,0.17895397,0.97540239,0.010723279,0.085455635,0.99974737,0.015874113,0.022967503,0,3.9926189
constant_velocity,50,0.070409623,0.28530331,1.0443495,0.038302988,0.15990885,0.99755866,0.049342358,0.070409623,0,3.9926189
constant_velocity,100,0.19110592,0.44840799,1.248739,0.13506155,0.30008961,0.98066759,0.13882099,0.19110592,0,3.9926189
constant_velocity,150,0.3888486,0.6392053,1.4978216,0.28881222,0.45149326,0.91219666,0.29576169,0.3888486,0,3.9926189
linear,1,7.3847491e-05,0.0073847434,0.73847435,2.093729e-05,0.0020936454,1,5.0359406e-05,7.3847491e-05,26,3.4534653
linear,10,0.0039824556,0.073749034,0.84594057,0.0011497453,0.02149992,0.99999251,0.0027333495,0.0039824556,26,3.4534653
linear,25,0.020335768,0.15880083,0.9013656,0.006350852,0.051731506,0.99980195,0.014055175,0.020335768,26,3.4534653
linear,50,0.06073687,0.24563034,0.96879636,0.023161471,0.10031134,0.99818336,0.042563791,0.06073687,26,3.4534653
linear,100,0.1364316,0.35043364,1.1702095,0.088705762,0.20864553,0.99014702,0.09910509,0.1364316,26,3.4534653
linear,150,0.29057694,0.52249121,1.4088192,0.21708546,0.36256369,0.95096883,0.2210154,0.29057694,26,3.4534653
mlp,1,7.1964163e-05,0.0071964476,0.71964476,1.7221493e-05,0.0017221444,1,4.9075093e-05,7.1964163e-05,5122,96.081775
mlp,10,0.003921156,0.072715492,0.83675778,0.0009458324,0.017712324,0.99999274,0.0026912767,0.003921156,5122,96.081775
mlp,25,0.020363922,0.15967968,0.90139646,0.005192175,0.042320085,0.9998014,0.014074634,0.020363922,5122,96.081775
mlp,50,0.061478201,0.24902081,0.96042627,0.01862441,0.080532429,0.99813875,0.043083307,0.061478201,5122,96.081775
mlp,100,0.13071869,0.33838031,1.1439554,0.068835701,0.16170827,0.99095491,0.094955187,0.13071869,5122,96.081775
mlp,150,0.26167931,0.47831447,1.3762475,0.16379762,0.27568216,0.96023612,0.1990356,0.26167931,5122,96.081775
gru,1,7.61249e-05,0.0076125085,0.76125087,1.9249838e-05,0.0019250037,1,5.2130576e-05,7.61249e-05,15106,167.90504
gru,10,0.0039191198,0.071999316,0.80194089,0.00098831156,0.01847111,0.99999273,0.0026925332,0.0039191198,15106,167.90504
gru,25,0.020129543,0.15669899,0.86230598,0.0055138629,0.044601293,0.99980541,0.013931536,0.020129543,15106,167.90504
gru,50,0.06021032,0.24372267,0.93426007,0.019964911,0.08553862,0.99820762,0.042278169,0.06021032,15106,167.90504
gru,100,0.13321804,0.35187143,1.152018,0.074443723,0.17409372,0.99054604,0.097076036,0.13321804,15106,167.90504
gru,150,0.26982455,0.49533,1.2755437,0.17448116,0.29367169,0.957368,0.20608279,0.26982455,15106,167.90504
gnn,1,6.7740387e-05,0.0067740465,0.67740464,1.5305279e-05,0.0015305008,1,4.619474e-05,6.7740387e-05,67138,90.874346
gnn,10,0.0037010807,0.068647144,0.79511979,0.00084041846,0.015745506,0.99999353,0.0025402285,0.0037010807,67138,90.874346
gnn,25,0.01917011,0.1494339,0.85192111,0.004619971,0.037561216,0.999824,0.013249524,0.01917011,67138,90.874346
gnn,50,0.058425564,0.23043252,0.90588412,0.016678033,0.07118386,0.99831899,0.04094405,0.058425564,67138,90.874346
gnn,100,0.11745159,0.30901709,1.1030267,0.062009942,0.14283853,0.99269777,0.085317849,0.11745159,67138,90.874346
gnn,150,0.24002194,0.45227638,1.3591025,0.15128387,0.25262772,0.9665457,0.18256282,0.24002194,67138,90.874346
interaction_gnn_single,1,3.6761684e-05,0.0036761546,0.36761547,1.2245226e-05,0.001224487,1,2.5069187e-05,3.6761684e-05,117252,170.21052
interaction_gnn_single,10,0.0019944017,0.037340931,0.45877038,0.0006772117,0.01261127,0.99999812,0.0013688532,0.0019944017,117252,170.21052
interaction_gnn_single,25,0.010556076,0.085742703,0.60268111,0.0039179121,0.031550245,0.99994663,0.0072958886,0.010556076,117252,170.21052
interaction_gnn_single,50,0.033340566,0.14809335,0.7736262,0.015176717,0.064506817,0.99945259,0.023364735,0.033340566,117252,170.21052
interaction_gnn_single,100,0.10165007,0.2682973,1.0926169,0.061543214,0.14342351,0.99453043,0.07383949,0.10165007,117252,170.21052
interaction_gnn_single,150,0.23101978,0.43854892,1.8810165,0.14850295,0.25497802,0.96900809,0.1757157,0.23101978,117252,170.21052
interaction_gnn,1,2.6751745e-05,0.0026751649,0.26751649,3.6095235e-06,0.0003608473,1,1.8319681e-05,2.6751745e-05,155332,335.27912
interaction_gnn,10,0.0013484437,0.02465346,0.32071055,0.00019824182,0.0040264452,0.99999914,0.00092641452,0.0013484437,155332,335.27912
interaction_gnn,25,0.0058983526,0.052056869,0.43137511,0.0012992248,0.012570162,0.99998329,0.0040822144,0.0058983526,155332,335.27912
interaction_gnn,50,0.020107165,0.14148801,5.657834,0.005920728,0.033649431,0.99980011,0.014118745,0.020107165,155332,335.27912
interaction_gnn,100,0.056978475,0.2658258,13.186564,0.02822634,0.093674933,0.99827055,0.041520235,0.056978475,155332,335.27912
interaction_gnn,150,0.14335529,0.43105163,19.119461,0.080213434,0.19565897,0.98796627,0.10948989,0.14335529,155332,335.27912
